-- phpMyAdmin SQL Dump
-- version 5.2.1
-- https://www.phpmyadmin.net/
--
-- Host: 127.0.0.1
-- Generation Time: Jun 11, 2023 at 05:08 PM
-- Server version: 10.4.28-MariaDB
-- PHP Version: 8.2.4

SET SQL_MODE = "NO_AUTO_VALUE_ON_ZERO";
START TRANSACTION;
SET time_zone = "+00:00";


/*!40101 SET @OLD_CHARACTER_SET_CLIENT=@@CHARACTER_SET_CLIENT */;
/*!40101 SET @OLD_CHARACTER_SET_RESULTS=@@CHARACTER_SET_RESULTS */;
/*!40101 SET @OLD_COLLATION_CONNECTION=@@COLLATION_CONNECTION */;
/*!40101 SET NAMES utf8mb4 */;

--
-- Database: `payroll`
--

-- --------------------------------------------------------

--
-- Table structure for table `allowances`
--

CREATE TABLE `allowances` (
  `id` int(30) NOT NULL,
  `allowance` text NOT NULL,
  `description` text NOT NULL
) ENGINE=InnoDB DEFAULT CHARSET=utf8mb4 COLLATE=utf8mb4_general_ci;

--
-- Dumping data for table `allowances`
--

INSERT INTO `allowances` (`id`, `allowance`, `description`) VALUES
(1, 'Sample', 'Sample Allowance'),
(2, 'Phone', 'Phone Allowance'),
(3, 'Rice', 'Rice Allowance'),
(4, 'House', 'House Allowance');

-- --------------------------------------------------------

--
-- Table structure for table `attendance`
--

CREATE TABLE `attendance` (
  `id` int(11) NOT NULL,
  `employee_id` int(20) NOT NULL,
  `log_type` tinyint(1) NOT NULL COMMENT '1 = AM IN,2 = AM out, 3= PM IN, 4= PM out\r\n',
  `datetime_log` datetime NOT NULL DEFAULT current_timestamp(),
  `date_updated` datetime NOT NULL DEFAULT current_timestamp() ON UPDATE current_timestamp()
) ENGINE=InnoDB DEFAULT CHARSET=latin1 COLLATE=latin1_swedish_ci;

--
-- Dumping data for table `attendance`
--

INSERT INTO `attendance` (`id`, `employee_id`, `log_type`, `datetime_log`, `date_updated`) VALUES
(17, 10, 1, '2023-06-11 09:00:00', '2023-06-11 15:45:35'),
(18, 10, 2, '2023-06-11 10:00:00', '2023-06-11 15:45:35'),
(19, 11, 3, '2023-06-11 21:00:00', '2023-06-11 20:55:04'),
(20, 11, 4, '2023-06-11 23:00:00', '2023-06-11 20:55:04');

-- --------------------------------------------------------

--
-- Table structure for table `deductions`
--

CREATE TABLE `deductions` (
  `id` int(30) NOT NULL,
  `deduction` text NOT NULL,
  `description` text NOT NULL
) ENGINE=InnoDB DEFAULT CHARSET=utf8mb4 COLLATE=utf8mb4_general_ci;

--
-- Dumping data for table `deductions`
--

INSERT INTO `deductions` (`id`, `deduction`, `description`) VALUES
(1, 'Cash Advance', 'Cash Advance'),
(3, 'Sample', 'Sample Deduction');

-- --------------------------------------------------------

--
-- Table structure for table `department`
--

CREATE TABLE `department` (
  `id` int(30) NOT NULL,
  `name` text NOT NULL
) ENGINE=InnoDB DEFAULT CHARSET=utf8mb4 COLLATE=utf8mb4_general_ci;

--
-- Dumping data for table `department`
--

INSERT INTO `department` (`id`, `name`) VALUES
(1, 'IT Department'),
(2, 'HR Department'),
(3, 'Accounting and Finance Department'),
(4, 'Operation');

-- --------------------------------------------------------

--
-- Table structure for table `employee`
--

CREATE TABLE `employee` (
  `id` int(20) NOT NULL,
  `employee_no` varchar(100) NOT NULL,
  `firstname` varchar(50) NOT NULL,
  `middlename` varchar(20) NOT NULL,
  `lastname` varchar(50) NOT NULL,
  `department_id` int(30) NOT NULL,
  `position_id` int(30) NOT NULL,
  `salary` double NOT NULL
) ENGINE=InnoDB DEFAULT CHARSET=latin1 COLLATE=latin1_swedish_ci;

--
-- Dumping data for table `employee`
--

INSERT INTO `employee` (`id`, `employee_no`, `firstname`, `middlename`, `lastname`, `department_id`, `position_id`, `salary`) VALUES
(10, '2023-4249', 'Abel', '', 'Suzanto', 1, 1, 20000),
(11, '2023-5678', 'Loren', '', 'Ipsum', 4, 5, 10000);

-- --------------------------------------------------------

--
-- Table structure for table `employee_allowances`
--

CREATE TABLE `employee_allowances` (
  `id` int(30) NOT NULL,
  `employee_id` int(30) NOT NULL,
  `allowance_id` int(30) NOT NULL,
  `type` tinyint(1) NOT NULL COMMENT '1 = Monthly, 2= Semi-Montly, 3 = once',
  `amount` float NOT NULL,
  `effective_date` date NOT NULL,
  `date_created` datetime NOT NULL DEFAULT current_timestamp()
) ENGINE=InnoDB DEFAULT CHARSET=utf8mb4 COLLATE=utf8mb4_general_ci;

-- --------------------------------------------------------

--
-- Table structure for table `employee_deductions`
--

CREATE TABLE `employee_deductions` (
  `id` int(30) NOT NULL,
  `employee_id` int(30) NOT NULL,
  `deduction_id` int(30) NOT NULL,
  `type` tinyint(1) NOT NULL COMMENT '1 = Monthly, 2= Semi-Montly, 3 = once',
  `amount` float NOT NULL,
  `effective_date` date NOT NULL,
  `date_created` datetime NOT NULL DEFAULT current_timestamp()
) ENGINE=InnoDB DEFAULT CHARSET=utf8mb4 COLLATE=utf8mb4_general_ci;

-- --------------------------------------------------------

--
-- Table structure for table `payroll`
--

CREATE TABLE `payroll` (
  `id` int(30) NOT NULL,
  `ref_no` text NOT NULL,
  `date_from` date NOT NULL,
  `date_to` date NOT NULL,
  `type` tinyint(1) NOT NULL COMMENT '1 = monthly ,2 semi-monthly',
  `status` tinyint(1) NOT NULL DEFAULT 0 COMMENT '0 =New,1 = computed',
  `date_created` datetime NOT NULL DEFAULT current_timestamp()
) ENGINE=InnoDB DEFAULT CHARSET=utf8mb4 COLLATE=utf8mb4_general_ci;

--
-- Dumping data for table `payroll`
--

INSERT INTO `payroll` (`id`, `ref_no`, `date_from`, `date_to`, `type`, `status`, `date_created`) VALUES
(3, '2023-7236', '2023-06-11', '2023-06-20', 2, 1, '2023-06-11 15:57:25'),
(4, '2023-5119', '2023-06-07', '2023-06-11', 2, 1, '2023-06-11 20:21:29');

-- --------------------------------------------------------

--
-- Table structure for table `payroll_items`
--

CREATE TABLE `payroll_items` (
  `id` int(30) NOT NULL,
  `payroll_id` int(30) NOT NULL,
  `employee_id` int(30) NOT NULL,
  `present` int(30) NOT NULL,
  `absent` int(10) NOT NULL,
  `late` text NOT NULL,
  `salary` double NOT NULL,
  `allowance_amount` double NOT NULL,
  `allowances` text NOT NULL,
  `deduction_amount` double NOT NULL,
  `deductions` text NOT NULL,
  `net` int(11) NOT NULL,
  `date_created` datetime NOT NULL DEFAULT current_timestamp()
) ENGINE=InnoDB DEFAULT CHARSET=utf8mb4 COLLATE=utf8mb4_general_ci;

--
-- Dumping data for table `payroll_items`
--

INSERT INTO `payroll_items` (`id`, `payroll_id`, `employee_id`, `present`, `absent`, `late`, `salary`, `allowance_amount`, `allowances`, `deduction_amount`, `deductions`, `net`, `date_created`) VALUES
(16, 4, 10, 0, 11, '0', 20000, 0, '[]', 0, '[]', 0, '2023-06-11 20:21:32'),
(17, 4, 11, 0, 11, '0', 10000, 0, '[]', 0, '[]', 0, '2023-06-11 20:21:32'),
(19, 3, 10, 1, 11, '180', 20000, 0, '[]', 0, '[]', 114, '2023-06-11 20:55:19'),
(20, 3, 11, 1, 11, '120', 10000, 0, '[]', 0, '[]', 114, '2023-06-11 20:55:19');

-- --------------------------------------------------------

--
-- Table structure for table `position`
--

CREATE TABLE `position` (
  `id` int(30) NOT NULL,
  `department_id` int(30) NOT NULL,
  `name` text NOT NULL
) ENGINE=InnoDB DEFAULT CHARSET=utf8mb4 COLLATE=utf8mb4_general_ci;

--
-- Dumping data for table `position`
--

INSERT INTO `position` (`id`, `department_id`, `name`) VALUES
(1, 1, 'Programmer'),
(2, 2, 'HR Supervisor'),
(4, 3, 'Accounting Clerk'),
(5, 4, 'Manager');

-- --------------------------------------------------------

--
-- Table structure for table `users`
--

CREATE TABLE `users` (
  `id` int(30) NOT NULL,
  `doctor_id` int(30) NOT NULL,
  `name` varchar(200) NOT NULL,
  `address` text NOT NULL,
  `contact` text NOT NULL,
  `username` varchar(100) NOT NULL,
  `password` varchar(200) NOT NULL,
  `type` tinyint(1) NOT NULL DEFAULT 2 COMMENT '1=admin , 2 = staff'
) ENGINE=InnoDB DEFAULT CHARSET=utf8mb4 COLLATE=utf8mb4_general_ci;

--
-- Dumping data for table `users`
--

INSERT INTO `users` (`id`, `doctor_id`, `name`, `address`, `contact`, `username`, `password`, `type`) VALUES
(1, 0, 'Administrator', '', '', 'admin', 'admin123', 1);

--
-- Indexes for dumped tables
--

--
-- Indexes for table `allowances`
--
ALTER TABLE `allowances`
  ADD PRIMARY KEY (`id`);

--
-- Indexes for table `attendance`
--
ALTER TABLE `attendance`
  ADD PRIMARY KEY (`id`),
  ADD KEY `employee_id` (`employee_id`);

--
-- Indexes for table `deductions`
--
ALTER TABLE `deductions`
  ADD PRIMARY KEY (`id`);

--
-- Indexes for table `department`
--
ALTER TABLE `department`
  ADD PRIMARY KEY (`id`);

--
-- Indexes for table `employee`
--
ALTER TABLE `employee`
  ADD PRIMARY KEY (`id`),
  ADD KEY `department_id` (`department_id`,`position_id`);

--
-- Indexes for table `employee_allowances`
--
ALTER TABLE `employee_allowances`
  ADD PRIMARY KEY (`id`),
  ADD KEY `employee_id` (`employee_id`,`allowance_id`),
  ADD KEY `allowance_id` (`allowance_id`);

--
-- Indexes for table `employee_deductions`
--
ALTER TABLE `employee_deductions`
  ADD PRIMARY KEY (`id`),
  ADD KEY `employee_id` (`employee_id`,`deduction_id`),
  ADD KEY `deduction_id` (`deduction_id`);

--
-- Indexes for table `payroll`
--
ALTER TABLE `payroll`
  ADD PRIMARY KEY (`id`);

--
-- Indexes for table `payroll_items`
--
ALTER TABLE `payroll_items`
  ADD PRIMARY KEY (`id`),
  ADD KEY `payroll_id` (`payroll_id`,`employee_id`),
  ADD KEY `employee_id` (`employee_id`);

--
-- Indexes for table `position`
--
ALTER TABLE `position`
  ADD PRIMARY KEY (`id`),
  ADD KEY `department_id` (`department_id`);

--
-- Indexes for table `users`
--
ALTER TABLE `users`
  ADD PRIMARY KEY (`id`);

--
-- AUTO_INCREMENT for dumped tables
--

--
-- AUTO_INCREMENT for table `allowances`
--
ALTER TABLE `allowances`
  MODIFY `id` int(30) NOT NULL AUTO_INCREMENT, AUTO_INCREMENT=5;

--
-- AUTO_INCREMENT for table `attendance`
--
ALTER TABLE `attendance`
  MODIFY `id` int(11) NOT NULL AUTO_INCREMENT, AUTO_INCREMENT=21;

--
-- AUTO_INCREMENT for table `deductions`
--
ALTER TABLE `deductions`
  MODIFY `id` int(30) NOT NULL AUTO_INCREMENT, AUTO_INCREMENT=4;

--
-- AUTO_INCREMENT for table `department`
--
ALTER TABLE `department`
  MODIFY `id` int(30) NOT NULL AUTO_INCREMENT, AUTO_INCREMENT=5;

--
-- AUTO_INCREMENT for table `employee`
--
ALTER TABLE `employee`
  MODIFY `id` int(20) NOT NULL AUTO_INCREMENT, AUTO_INCREMENT=12;

--
-- AUTO_INCREMENT for table `employee_allowances`
--
ALTER TABLE `employee_allowances`
  MODIFY `id` int(30) NOT NULL AUTO_INCREMENT, AUTO_INCREMENT=6;

--
-- AUTO_INCREMENT for table `employee_deductions`
--
ALTER TABLE `employee_deductions`
  MODIFY `id` int(30) NOT NULL AUTO_INCREMENT, AUTO_INCREMENT=4;

--
-- AUTO_INCREMENT for table `payroll`
--
ALTER TABLE `payroll`
  MODIFY `id` int(30) NOT NULL AUTO_INCREMENT, AUTO_INCREMENT=5;

--
-- AUTO_INCREMENT for table `payroll_items`
--
ALTER TABLE `payroll_items`
  MODIFY `id` int(30) NOT NULL AUTO_INCREMENT, AUTO_INCREMENT=21;

--
-- AUTO_INCREMENT for table `position`
--
ALTER TABLE `position`
  MODIFY `id` int(30) NOT NULL AUTO_INCREMENT, AUTO_INCREMENT=6;

--
-- AUTO_INCREMENT for table `users`
--
ALTER TABLE `users`
  MODIFY `id` int(30) NOT NULL AUTO_INCREMENT, AUTO_INCREMENT=2;

--
-- Constraints for dumped tables
--

--
-- Constraints for table `attendance`
--
ALTER TABLE `attendance`
  ADD CONSTRAINT `attendance_ibfk_1` FOREIGN KEY (`employee_id`) REFERENCES `employee` (`id`);

--
-- Constraints for table `employee_allowances`
--
ALTER TABLE `employee_allowances`
  ADD CONSTRAINT `employee_allowances_ibfk_1` FOREIGN KEY (`employee_id`) REFERENCES `employee` (`id`) ON DELETE CASCADE ON UPDATE CASCADE,
  ADD CONSTRAINT `employee_allowances_ibfk_2` FOREIGN KEY (`allowance_id`) REFERENCES `allowances` (`id`) ON DELETE CASCADE ON UPDATE CASCADE;

--
-- Constraints for table `employee_deductions`
--
ALTER TABLE `employee_deductions`
  ADD CONSTRAINT `employee_deductions_ibfk_1` FOREIGN KEY (`employee_id`) REFERENCES `employee` (`id`) ON DELETE CASCADE ON UPDATE CASCADE,
  ADD CONSTRAINT `employee_deductions_ibfk_2` FOREIGN KEY (`deduction_id`) REFERENCES `deductions` (`id`) ON DELETE CASCADE ON UPDATE CASCADE;

--
-- Constraints for table `payroll_items`
--
ALTER TABLE `payroll_items`
  ADD CONSTRAINT `payroll_items_ibfk_1` FOREIGN KEY (`payroll_id`) REFERENCES `payroll` (`id`) ON DELETE CASCADE ON UPDATE CASCADE,
  ADD CONSTRAINT `payroll_items_ibfk_2` FOREIGN KEY (`employee_id`) REFERENCES `employee` (`id`) ON DELETE CASCADE ON UPDATE CASCADE;

--
-- Constraints for table `position`
--
ALTER TABLE `position`
  ADD CONSTRAINT `position_ibfk_1` FOREIGN KEY (`department_id`) REFERENCES `department` (`id`) ON DELETE CASCADE ON UPDATE CASCADE;
COMMIT;

/*!40101 SET CHARACTER_SET_CLIENT=@OLD_CHARACTER_SET_CLIENT */;
/*!40101 SET CHARACTER_SET_RESULTS=@OLD_CHARACTER_SET_RESULTS */;
/*!40101 SET COLLATION_CONNECTION=@OLD_COLLATION_CONNECTION */;
